sa2_id,name,sa4_name,population,poi_count,poi_score,poi_per_capita,score_per_capita,local_z_score,local_score,global_z_score,global_score
121011399,Chatswood (West) - Lane Cove North,Sydney - North Sydney and Hornsby,21294,78,391.0,0.003663003663003663,0.018361979900441437,-1.2580271065172777,0.22131370179768703,-0.6690434602953528,0.3387110591164223
121011401,St Leonards - Naremburn,Sydney - North Sydney and Hornsby,11903,58,502.0,0.004872721162732085,0.04217424178778459,0.6987881240626631,0.6679190289289386,-0.09311281446956993,0.4767386003085384
121011682,Artarmon,Sydney - North Sydney and Hornsby,9406,38,189.0,0.004039974484371677,0.020093557303848607,-1.1157316348839748,0.24680387951521485,-0.6271629998435173,0.348154096959551
121011683,Castle Cove - Northbridge,Sydney - North Sydney and Hornsby,13440,126,591.0,0.009375,0.04397321428571429,0.84662190818606,0.6998580308502936,-0.04960231565777163,0.4876019629815589
121011684,Chatswood - East,Sydney - North Sydney and Hornsby,19601,86,706.0,0.004387531248405694,0.036018570481097904,0.19293481939315008,0.5480846393751598,-0.24199576258781197,0.43979458518527337
121011685,Greenwich - Riverview,Sydney - North Sydney and Hornsby,12928,96,497.0,0.007425742574257425,0.03844368811881188,0.3922232008110077,0.5968177748752996,-0.18334112600183985,0.45429268052790334
121011686,Lane Cove,Sydney - North Sydney and Hornsby,15888,78,448.0,0.004909365558912387,0.028197381671701913,-0.44978536636132793,0.3894117983331333,-0.43116142620396175,0.39384902784462855
121011687,Willoughby,Sydney - North Sydney and Hornsby,12996,48,363.0,0.003693444136657433,0.027931671283471838,-0.47162059297994186,0.3842327427794189,-0.43758797888593554,0.3923158554390879
121021403,Asquith - Mount Colah,Sydney - North Sydney and Hornsby,22057,120,654.0,0.005440449743845491,0.029650451103957927,-0.33037678562334893,0.41814894823708476,-0.39601704468707083,0.4022696627292043
121021404,Berowra - Brooklyn - Cowan,Sydney - North Sydney and Hornsby,11790,158,824.0,0.013401187446988974,0.06988973706530958,2.976358542980078,0.9514945844678548,0.5772226274168113,0.6404280828660048
121021406,Normanhurst - Thornleigh - Westleigh,Sydney - North Sydney and Hornsby,19158,72,478.0,0.003758221108675227,0.024950412360371647,-0.7166108796912437,0.32813972644979156,-0.5096936186222262,0.3752653512246028
121021577,Hornsby - East,Sydney - North Sydney and Hornsby,11943,36,369.0,0.003014318010550113,0.03089675960813866,-0.2279591541307923,0.44325572703087146,-0.3658734461869847,0.4095385175010408
121021578,Hornsby - West,Sydney - North Sydney and Hornsby,10629,46,376.0,0.004327782481889171,0.035374917678050614,0.14004149854159878,0.5349532691085321,-0.2575633460580592,0.4359627857633309
121021579,Wahroonga (West) - Waitara,Sydney - North Sydney and Hornsby,11877,40,404.0,0.0033678538351435547,0.03401532373494991,0.02831443339127743,0.5070781354714934,-0.2904469008171732,0.4278944618711181
121031407,Gordon - Killara,Sydney - North Sydney and Hornsby,22433,127,661.0,0.005661302545357286,0.029465519547095795,-0.34557386722755506,0.4144561566467925,-0.40048985585809976,0.4011946524454605
121031408,Lindfield - Roseville,Sydney - North Sydney and Hornsby,24599,172,1163.0,0.00699215415260783,0.04727834464815643,1.1182269099652755,0.7536596783593337,0.030336577723519508,0.5075835628387043
121031409,Pymble,Sydney - North Sydney and Hornsby,17221,104,499.0,0.006039138261425004,0.028976249927414204,-0.38578047373064756,0.4047334770822806,-0.4123234804578666,0.3983551251999863
121031410,St Ives,Sydney - North Sydney and Hornsby,21665,119,656.0,0.005492730210016155,0.03027925225017309,-0.27870392624773577,0.430771554407501,-0.3808086679293726,0.40593187100973227
121031411,Turramurra,Sydney - North Sydney and Hornsby,20251,124,637.0,0.006123154412127796,0.03145523677843069,-0.182065293315348,0.4546089916848635,-0.35236594661021375,0.41280880301353295
121031412,Wahroonga (East) - Warrawee,Sydney - North Sydney and Hornsby,18191,127,726.0,0.006981474355450498,0.03990984552800836,0.5127073094738746,0.6254409162494622,-0.1478801946734469,0.4630971777735444
121041413,Cremorne - Cammeray,Sydney - North Sydney and Hornsby,18905,68,261.0,0.003596932028563872,0.013805871462576037,-1.632433470161699,0.16349727285949892,-0.7792388918543701,0.31448394547030967
121041414,Crows Nest - Waverton,Sydney - North Sydney and Hornsby,17916,74,342.0,0.0041303862469301185,0.019089082384460818,-1.1982761588058428,0.23178202020762592,-0.6514575373291102,0.3426611598272945
121041416,Neutral Bay - Kirribilli,Sydney - North Sydney and Hornsby,17183,83,422.0,0.004830355584007449,0.024559157306640284,-0.7487629638487697,0.3210909045324865,-0.5191566329651802,0.37304946224396435
121041417,North Sydney - Lavender Bay,Sydney - North Sydney and Hornsby,12441,109,754.0,0.008761353588939796,0.06060606060606061,2.213455817603502,0.9014513568319024,0.35268479039365885,0.5872684818354906
121041688,Mosman - North,Sydney - North Sydney and Hornsby,13763,63,415.0,0.0045774903727385016,0.030153309598198067,-0.28905348903728945,0.42823560439785574,-0.38385475541287795,0.40519751438723217
121041689,Mosman - South,Sydney - North Sydney and Hornsby,14565,101,581.0,0.006934431857191899,0.039890147614143494,0.5110885981543124,0.6250616325959334,-0.14835661444017398,0.462978723713823
107011131,Dapto - Avondale,Illawarra,24195,172,1458.0,0.007108906798925398,0.060260384376937384,-0.10872867965005392,0.4728445772672143,0.34432415943690886,0.585240529067371
107011132,Horsley - Kembla Grange,Illawarra,12155,51,348.0,0.004195804195804196,0.02863019333607569,-0.5209255541001753,0.372635833664409,-0.42069331097143886,0.396350858817856
107011133,Port Kembla Industrial,Illawarra,5,32,176.0,6.4,35.2,,,,
107011134,Unanderra - Mount Kembla,Illawarra,15280,83,498.0,0.0054319371727748695,0.03259162303664921,-0.4693011760235198,0.38478165920316854,-0.32488096115609316,0.41948668295574404
107011545,Berkeley - Lake Heights - Cringila,Illawarra,14200,96,576.0,0.0067605633802816905,0.04056338028169014,-0.3654151951884365,0.40964933484642096,-0.1320736033240714,0.46702951179335656
107011546,Port Kembla - Warrawong,Illawarra,9740,86,649.0,0.008829568788501026,0.06663244353182751,-0.02568957109507005,0.4935779604099412,0.4984407302052907,0.6220928271031234
107011547,Windang - Primbee,Illawarra,4239,48,223.0,0.01132342533616419,0.0526067468742628,-0.20846900220141437,0.44807068113043985,0.15921094294844262,0.5397188712535073
107021135,Illawarra Catchment Reserve,Illawarra,9,111,206.0,12.333333333333334,22.88888888888889,,,,
107031136,Albion Park - Macquarie Pass,Illawarra,19026,168,1470.0,0.008830022075055188,0.0772626931567329,0.11284122893550744,0.5281804114771105,0.7555471974836135,0.6803862024547398
107031137,Albion Park Rail,Illawarra,6920,50,408.0,0.0072254335260115606,0.058959537572254334,-0.12568099544024566,0.46862104468351024,0.3128614809275761,0.5775835620609353
107031138,Kiama,Illawarra,8786,112,820.0,0.012747552925108126,0.0933302982016845,0.32223030821334225,0.5798676989806968,1.144163205244356,0.7584431882795254
107031139,Kiama Downs - Minnamurra,Illawarra,6063,55,205.0,0.009071416790367805,0.03381164440046182,-0.4534021575105974,0.3885521777619497,-0.29537315146938203,0.42668894246341404
107031140,Kiama Hinterland - Gerringong,Illawarra,8136,331,3323.0,0.04068338249754179,0.4084316617502458,4.4285538211474575,0.9882089549755718,8.76530111594268,0.9998439692038396
107031141,Shellharbour - Flinders,Illawarra,19341,202,1045.0,0.010444134222635851,0.054030298329972595,-0.18991762956175948,0.4526627898102622,0.1936413936604331,0.5482596432955189
107031142,Shellharbour - Oak Flats,Illawarra,10590,74,512.0,0.006987724268177526,0.04834749763928234,-0.2639744912417736,0.43438694242901044,0.056195438825370696,0.51404516376697
107031143,Warilla,Illawarra,20397,106,597.0,0.0051968426729421,0.029269010148551256,-0.5126006504311318,0.3745840705203036,-0.40524269224760495,0.40005338099359217
107041144,Balgownie - Fairy Meadow,Illawarra,21519,144,973.0,0.006691760769552488,0.04521585575537897,-0.30478527846637365,0.42438810089186213,-0.019547409175566414,0.49511330330617564
107041145,Corrimal - Tarrawanna - Bellambi,Illawarra,16041,97,599.0,0.006047004550838476,0.03734181160775513,-0.40739788623532114,0.39953622303165537,-0.20999144816088203,0.4476942049875643
107041146,Figtree - Keiraville,Illawarra,22773,133,717.0,0.005840249418170641,0.03148465287840864,-0.4837269390151773,0.3813724499082489,-0.35165447982313885,0.41298127161448867
107041147,Helensburgh,Illawarra,9135,190,927.0,0.02079912424740011,0.10147783251231528,0.4284069725584477,0.6054932040996783,1.3412219609228098,0.7926908206455842
107041148,Thirroul - Austinmer - Coalcliff,Illawarra,11957,132,723.0,0.011039558417663294,0.06046667224220122,-0.10604038689871094,0.4735147165800576,0.34931350081193274,0.5864510947594467
107041150,Woonona - Bulli - Russell Vale,Illawarra,20761,110,730.0,0.0052983960310197,0.03516208275131256,-0.43580357688112403,0.3927413458835677,-0.2627110366634479,0.43469739250373013
107041548,Wollongong - East,Illawarra,16020,121,1146.0,0.007553058676654182,0.07153558052434457,0.03820690492385063,0.5095505644588606,0.6170295004797179,0.6495426537307889
107041549,Wollongong - West,Illawarra,16551,88,693.0,0.005316899281010211,0.04187058183795541,-0.34838006583772235,0.41377530593876355,-0.10045722685021406,0.47490679240391154
111011206,Belmont - Bennetts Green,Newcastle and Lake Macquarie,17864,101,775.0,0.005653828929690998,0.0433833407971339,-0.2321409178348786,0.4422239973419502,-0.06386917618705988,0.4840381316508064
111011207,Belmont South - Blacksmiths,Newcastle and Lake Macquarie,5680,82,362.0,0.014436619718309859,0.06373239436619718,0.7587022489242303,0.6810719116967624,0.42829925449038736,0.6054674730648644
111011208,Charlestown - Dudley,Newcastle and Lake Macquarie,25254,135,977.0,0.005345687811831789,0.03868694068266413,-0.4608196593790868,0.3867913958940563,-0.1774577451260118,0.4557516225494092
111011209,Glendale - Cardiff - Hillsborough,Newcastle and Lake Macquarie,24588,147,978.0,0.005978526110297706,0.039775500244021475,-0.4078151400622275,0.39943612510293447,-0.15112951078362039,0.46228937129805686
111011210,Mount Hutton - Windale,Newcastle and Lake Macquarie,9504,40,383.0,0.004208754208754209,0.04029882154882155,-0.38233339777280057,0.40556423339889885,-0.13847230171739142,0.46543713429403494
111011211,Redhead,Newcastle and Lake Macquarie,3785,34,229.0,0.008982826948480845,0.06050198150594452,0.6014058666856807,0.6459778804648636,0.350167501459478,0.5866581969955107
111011212,Swansea - Caves Beach,Newcastle and Lake Macquarie,12559,149,725.0,0.011864001910980174,0.05772752607691695,0.4663111216647593,0.6145102775675805,0.2830636742542171,0.5702971639112978
111011213,Valentine - Eleebana,Newcastle and Lake Macquarie,12568,76,282.0,0.0060471037555697,0.022437937619350732,-1.2520217463601298,0.22235036106732678,-0.5704611008153507,0.3611304350535083
111011214,Warners Bay - Boolaroo,Newcastle and Lake Macquarie,14694,97,618.0,0.00660133387777324,0.042057982850142915,-0.2966757061889863,0.42637033484780473,-0.09592468867773064,0.47603719958060264
111021215,Bolton Point - Teralba,Newcastle and Lake Macquarie,10135,79,574.0,0.007794770596941293,0.05663542180562407,0.41313400210357676,0.6018391151475033,0.25664970647364593,0.5638125378321213
111021216,Bonnells Bay - Silverwater,Newcastle and Lake Macquarie,9691,53,206.0,0.005468991848106491,0.021256836239810135,-1.309532343951103,0.21256511042379253,-0.5990275798639496,0.35456619967444314
111021217,Edgeworth - Cameron Park,Newcastle and Lake Macquarie,16375,51,379.0,0.003114503816793893,0.02314503816793893,-1.2175913614578364,0.22836060396017216,-0.5533589507743827,0.3650854584286585
111021218,Morisset - Cooranbong,Newcastle and Lake Macquarie,18129,281,1856.0,0.01550002758012025,0.10237740636549175,2.640418562602765,0.9334179823300044,1.3629793291509535,0.7962434901059388
111021219,Toronto - Awaba,Newcastle and Lake Macquarie,13961,126,894.0,0.009025141465511066,0.0640355275410071,0.7734625144991871,0.6842694287554374,0.4356309261293714,0.6072174769126338
111021220,Wangi Wangi - Rathmines,Newcastle and Lake Macquarie,9467,77,320.0,0.008133516425477976,0.0338016267032851,-0.6986970602867933,0.3321011696167771,-0.2956154425558807,0.42662967294100884
111021221,West Wallsend - Barnsley - Killingworth,Newcastle and Lake Macquarie,7254,106,647.0,0.014612627515853323,0.08919216983733112,1.9983984572602471,0.8806288236873904,1.0440771675270066,0.7396359318610239
111031222,Adamstown - Kotara,Newcastle and Lake Macquarie,16600,83,510.0,0.005,0.03072289156626506,-0.8486078982736383,0.29972496414466154,-0.3700786718021939,0.40852201182300424
111031223,Beresfield - Hexham,Newcastle and Lake Macquarie,8561,95,607.0,0.011096834481953043,0.07090293190047892,1.107852546932897,0.75172854307962,0.6017280674513249,0.6460515612395078
111031224,Hamilton - Broadmeadow,Newcastle and Lake Macquarie,12772,106,888.0,0.00829940494832446,0.0695270905104917,1.040859601281325,0.7390158326743369,0.5684515469746895,0.6384058009773238
111031225,Lambton - New Lambton,Newcastle and Lake Macquarie,17343,129,673.0,0.007438159487977858,0.038805281669837974,-0.45505735902979694,0.38815900862353864,-0.17459551383134764,0.4564616657978945
111031226,Maryland - Fletcher - Minmi,Newcastle and Lake Macquarie,16429,71,315.0,0.004321626392354982,0.019173412867490414,-1.4109791166436496,0.19607966989811748,-0.6494178944852755,0.3431207254603592
111031227,Mayfield - Warabrook,Newcastle and Lake Macquarie,15526,86,584.0,0.005539095710421229,0.03761432435913951,-0.5130478650355119,0.37447930705490545,-0.20340037144405868,0.44932449780902106
111031228,Merewether - The Junction,Newcastle and Lake Macquarie,14506,56,424.0,0.0038604715290224733,0.029229284434027298,-0.9213351342493888,0.284685929617118,-0.4062035105239164,0.3998227965130194
111031229,Newcastle - Cooks Hill,Newcastle and Lake Macquarie,12805,164,1037.0,0.012807497071456462,0.08098399062866068,1.5987229513286128,0.8318398242829452,0.8455516358043762,0.6996331648154988
111031230,Newcastle Port - Kooragang,Newcastle and Lake Macquarie,31,39,97.0,1.2580645161290323,3.129032258064516,,,,
111031231,Shortland - Jesmond,Newcastle and Lake Macquarie,12593,89,557.0,0.007067418407051536,0.04423092194076074,-0.19087020312639186,0.4524267916163895,-0.043369319527150355,0.4891593692415628
111031232,Stockton - Fullerton Cove,Newcastle and Lake Macquarie,8824,75,522.0,0.008499546690843155,0.05915684496826836,0.5359080123412057,0.6308600047375017,0.31763361792783995,0.5787474386987856
111031233,Wallsend - Elermore Vale,Newcastle and Lake Macquarie,20958,159,856.0,0.0075866017749785285,0.040843591945796356,-0.3558072488556948,0.4119748903203793,-0.12529631835046753,0.46871683634304995
111031234,Waratah - North Lambton,Newcastle and Lake Macquarie,12883,73,603.0,0.00566638205386944,0.04680586819840099,-0.0654900278029737,0.48363334227067295,0.018909117865547782,0.5047271386163253
111031235,Wickham - Carrington - Tighes Hill,Newcastle and Lake Macquarie,9171,42,269.0,0.004579653254824992,0.029331588703521972,-0.9163536993136044,0.2857014353898329,-0.40372914818574135,0.400416702614639
120011383,Concord - Mortlake - Cabarita,Sydney - Inner West,23113,112,497.0,0.004845757798641457,0.021503050231471466,-0.9695084967711535,0.2749784800682921,-0.5930725729897717,0.355930174352638
120011385,Drummoyne - Rodd Point,Sydney - Inner West,18366,268,1004.0,0.014592181204399434,0.05466623107916803,1.4618920293764364,0.8118218851906495,0.20902225754806592,0.5520661368335983
120011386,Five Dock - Abbotsford,Sydney - Inner West,20933,86,477.0,0.004108345674294176,0.02278698705393398,-0.8753750455798317,0.2941370990134188,-0.5620188844800975,0.363080457614883
120011672,Concord West - North Strathfield,Sydney - Inner West,12842,57,425.0,0.004438560971811245,0.03309453356175051,-0.11966424336537537,0.4701195867775415,-0.31271741344758563,0.42245158802959665
120011673,Rhodes,Sydney - Inner West,11453,31,104.0,0.00270671439797433,0.009080590238365494,-1.8802768546677737,0.1323570766810102,-0.8935259881429649,0.2903827235556582
120021387,Balmain,Sydney - Inner West,15579,140,629.0,0.008986456126837409,0.04037486359843379,0.41410235649771754,0.6020711378443786,-0.13663312545810571,0.4658947602551942
120021389,Lilyfield - Rozelle,Sydney - Inner West,13824,235,913.0,0.016999421296296297,0.06604456018518519,2.2961086113775604,0.9085542426707395,0.4842220038573372,0.618744342643041
120021674,Annandale (NSW),Sydney - Inner West,9464,58,397.0,0.0061284868977176665,0.04194843617920541,0.5294708194443375,0.6293596805495743,-0.09857421795132874,0.4753763810058288
120021675,Leichhardt,Sydney - Inner West,17532,192,929.0,0.010951403148528405,0.05298882044261921,1.3389105481065648,0.7923107243846027,0.16845189107917993,0.5420136712567017
120031392,Canterbury (North) - Ashbury,Sydney - Inner West,11999,44,276.0,0.0036669722476873074,0.0230019168264022,-0.8596171976139207,0.2974193302486698,-0.5568205272954487,0.3642834470379322
120031393,Croydon Park - Enfield,Sydney - Inner West,17434,79,480.0,0.004531375473213262,0.027532407938510955,-0.527458514637245,0.37110984395455565,-0.4472446842088392,0.3900160664186519
120031394,Dulwich Hill - Lewisham,Sydney - Inner West,17948,49,451.0,0.002730109204368175,0.02512814798306218,-0.7037298725483111,0.3309857864725774,-0.5053948505149926,0.3762736989965439
120031395,Haberfield - Summer Hill,Sydney - Inner West,13520,119,621.0,0.008801775147928993,0.045931952662721896,0.8215273660832377,0.6945604613141579,-0.0022276704514147014,0.49944308261745557
120031396,Homebush,Sydney - Inner West,20822,63,445.0,0.00302564595139756,0.02137162616463356,-0.9791440183673978,0.2730616621389679,-0.5962512356489136,0.35520181953737856
120031576,Strathfield South,Sydney - Inner West,3636,23,115.0,0.0063256325632563256,0.03162816281628163,-0.22717306824060185,0.44344972601912785,-0.34818350459228353,0.41382298568459475
120031676,Ashfield - North,Sydney - Inner West,11456,32,196.0,0.002793296089385475,0.017108938547486033,-1.2916683495747645,0.21557055921682777,-0.6993499015342509,0.33195637878678713
120031677,Ashfield - South,Sydney - Inner West,12246,58,496.0,0.004736240405030214,0.04050302139474114,0.4234984073410506,0.6043200842051697,-0.13353346181657094,0.4666661516677924
120031678,Burwood (NSW),Sydney - Inner West,15942,87,772.0,0.005457282649604818,0.048425542591895625,1.004348063941913,0.7319126005424975,0.058083057908961566,0.5145166835327212
120031679,Croydon,Sydney - Inner West,10993,53,378.0,0.004821249886291276,0.03438551805694533,-0.025014083138568264,0.49374680526622267,-0.2814932677706131,0.4300877196557871
120031680,Strathfield - East,Sydney - Inner West,16420,54,566.0,0.0032886723507917176,0.034470158343483555,-0.018808573535389676,0.49529799523139134,-0.2794461319244064,0.4305895694257528
120031681,Strathfield - West,Sydney - Inner West,9253,56,345.0,0.006052091213660435,0.03728520479844375,0.18758011587151116,0.5467580058686347,-0.21136055775656332,0.44735569762456273
